{"data":{"AdsStyleEnable":"btrue","AdsStyleMode_Baidu":"s2","AdsStyleMode_Google":"s0","UserStyleText":"s#content_right{\n    padding: 30px 13px 15px;\n    border-radius: 5px;\n    background-color: #fff;\n    box-sizing: border-box;\n    box-shadow: 0 0 20px 2px rgba(0, 0, 0, .1);\n    -webkit-box-shadow: 0 0 20px 2px rgba(0, 0, 0, .1);\n    -moz-box-shadow: 0 0 20px 2px rgba(0, 0, 0, .1);\n}","defaultFaviconUrl":"shttps://ws1.sinaimg.cn/large/6a155794ly1foijtdzhxhj200w00wjr5.jpg","doDisableSug":"btrue","isALineEnable":"bfalse","isAdsEnable":"btrue","isCounterEnable":"bfalse","isFaviconEnable":"btrue","isRedirectEnable":"btrue","isRightDisplayEnable":"bfalse","isUserStyleEnable":"btrue","version":"s20.1"},"ts":1542909013403}