{"options":{"awareOfChrome":false,"check_for_updates":true,"comment":null,"compat_arrayleft":false,"compat_foreach":false,"compat_forvarin":false,"compat_metadata":false,"compat_uW_gmonkey":false,"compat_wrappedjsobject":false,"compatopts_for_requires":true,"noframes":null,"override":{"merge_connects":true,"merge_excludes":true,"merge_includes":true,"merge_matches":true,"orig_connects":["*"],"orig_excludes":["*www.baidu.com*","*www.google.*"],"orig_includes":["*tieba.baidu.com*","*v.baidu.com*","*xueshu.baidu.com*","*docs.google.*","*mail.google.*","*play.google.*","*encrypted.google.com*","*www.so.com*","*www.zhihu.com*","*daily.zhihu.com*","*zhuanlan.zhihu.com*","*weibo.com*","*twitter.com*","*www.sogou.com*","*juejin.im*","*mail.qq.com*","*addons.mozilla.org*","*www.jianshu.com*"],"orig_matches":[],"orig_noframes":null,"orig_run_at":"document-start","use_blockers":[],"use_connects":["baidu.com","*"],"use_excludes":[],"use_includes":[],"use_matches":[]},"run_at":null},"settings":{"enabled":true,"position":160},"meta":{"name":"anti-redirect","uuid":"44ae317e-6f29-4ee9-8764-62198884915f","modified":1544209815504,"file_url":"https://greasyfork.org/scripts/11915-anti-redirect/code/anti-redirect.user.js"}}