{"options":{"awareOfChrome":false,"check_for_updates":true,"comment":null,"compat_arrayleft":false,"compat_foreach":false,"compat_forvarin":false,"compat_metadata":false,"compat_uW_gmonkey":false,"compat_wrappedjsobject":true,"compatopts_for_requires":true,"noframes":null,"override":{"merge_connects":true,"merge_excludes":true,"merge_includes":true,"merge_matches":true,"orig_connects":[],"orig_excludes":[],"orig_includes":["http://www.baidu.com/s*","http://www.baidu.com/baidu*","http://www.baidu.com/#*","http://www.baidu.com/"],"orig_matches":[],"orig_noframes":null,"orig_run_at":"document-start","use_blockers":[],"use_connects":[],"use_excludes":[],"use_includes":[],"use_matches":[]},"run_at":null},"settings":{"enabled":true,"position":239},"meta":{"name":"BaiduMonkeyW","uuid":"cd0f31f8-6423-4db1-a0b0-66f90c2b1296","modified":1542913140836,"file_url":"https://greasyfork.org/scripts/1304-baidumonkeyw/code/BaiduMonkeyW.user.js"}}