{"options":{"awareOfChrome":false,"check_for_updates":true,"comment":null,"compat_arrayleft":false,"compat_foreach":false,"compat_forvarin":false,"compat_metadata":false,"compat_uW_gmonkey":false,"compat_wrappedjsobject":false,"compatopts_for_requires":true,"noframes":null,"override":{"merge_connects":true,"merge_excludes":true,"merge_includes":true,"merge_matches":true,"orig_connects":[],"orig_excludes":["*google*","*sis*/forum/thread*"],"orig_includes":["*read*tid*","*thread*","*forum*fid*","*viewthread*tid*","http://bbs.*"],"orig_matches":[],"orig_noframes":null,"orig_run_at":"document-idle","use_blockers":[],"use_connects":[],"use_excludes":[],"use_includes":[],"use_matches":[]},"run_at":null},"settings":{"enabled":true,"position":231},"meta":{"name":"BBS bot","uuid":"c7d8090b-1e65-4b0e-9e12-2a863a30808a","modified":1542912313685,"file_url":"https://greasyfork.org/scripts/30122-bbs-bot/code/BBS%20bot.user.js"}}