{"options":{"awareOfChrome":false,"check_for_updates":true,"comment":null,"compat_arrayleft":false,"compat_foreach":false,"compat_forvarin":false,"compat_metadata":false,"compat_uW_gmonkey":false,"compat_wrappedjsobject":false,"compatopts_for_requires":true,"noframes":null,"override":{"merge_connects":true,"merge_excludes":true,"merge_includes":true,"merge_matches":true,"orig_connects":[],"orig_excludes":[],"orig_includes":["/^https?:\\/\\/live\\.bilibili\\.com\\/(?:blanc\\/)?\\d/"],"orig_matches":[],"orig_noframes":null,"orig_run_at":"document-end","use_blockers":[],"use_connects":[],"use_excludes":[],"use_includes":[],"use_matches":[]},"run_at":null},"settings":{"enabled":true,"position":111},"meta":{"name":"bilibili直播净化","uuid":"afebba42-1a95-4f74-b514-a62312a2030e","modified":1541662408922,"file_url":"https://greasyfork.org/scripts/21416-bilibili%E7%9B%B4%E6%92%AD%E5%87%80%E5%8C%96/code/bilibili%E7%9B%B4%E6%92%AD%E5%87%80%E5%8C%96.user.js"}}