{"options":{"awareOfChrome":false,"check_for_updates":true,"comment":null,"compat_arrayleft":false,"compat_foreach":false,"compat_forvarin":false,"compat_metadata":false,"compat_uW_gmonkey":false,"compat_wrappedjsobject":false,"compatopts_for_requires":true,"noframes":null,"override":{"merge_connects":true,"merge_excludes":true,"merge_includes":true,"merge_matches":true,"orig_connects":[],"orig_excludes":[],"orig_includes":[],"orig_matches":["*://live.bilibili.com/*"],"orig_noframes":null,"orig_run_at":"document-idle","use_blockers":[],"use_connects":[],"use_excludes":[],"use_includes":[],"use_matches":[]},"run_at":null},"settings":{"enabled":true,"position":156},"meta":{"name":"bilibili直播精简","uuid":"bd1582de-a4d2-4d67-b02b-4ef4d3187b39","modified":1542086630897,"file_url":"https://greasyfork.org/scripts/23685-bilibili%E7%9B%B4%E6%92%AD%E7%B2%BE%E7%AE%80/code/bilibili%E7%9B%B4%E6%92%AD%E7%B2%BE%E7%AE%80.user.js"}}