{"options":{"awareOfChrome":false,"check_for_updates":true,"comment":null,"compat_arrayleft":false,"compat_foreach":false,"compat_forvarin":false,"compat_metadata":false,"compat_uW_gmonkey":false,"compat_wrappedjsobject":false,"compatopts_for_requires":true,"noframes":null,"override":{"merge_connects":true,"merge_excludes":true,"merge_includes":true,"merge_matches":true,"orig_connects":[],"orig_excludes":[],"orig_includes":[],"orig_matches":["https://*.bilibili.com/*"],"orig_noframes":true,"orig_run_at":"document-idle","use_blockers":[],"use_connects":[],"use_excludes":[],"use_includes":[],"use_matches":[]},"run_at":null},"settings":{"enabled":true,"position":79},"meta":{"name":"bilibili fucked words","uuid":"f28d2ca2-bc60-4108-bcd5-169ddc503567","modified":1538034924183,"file_url":"https://greasyfork.org/scripts/31447-%E5%93%94%E5%93%A9%E5%93%94%E5%93%A9%E8%A7%84%E9%81%BF%E6%95%8F%E6%84%9F%E8%AF%8D/code/%E5%93%94%E5%93%A9%E5%93%94%E5%93%A9%E8%A7%84%E9%81%BF%E6%95%8F%E6%84%9F%E8%AF%8D.user.js"}}