{"options":{"awareOfChrome":false,"check_for_updates":true,"comment":null,"compat_arrayleft":false,"compat_foreach":false,"compat_forvarin":false,"compat_metadata":false,"compat_uW_gmonkey":false,"compat_wrappedjsobject":false,"compatopts_for_requires":true,"noframes":null,"override":{"merge_connects":true,"merge_excludes":true,"merge_includes":true,"merge_matches":true,"orig_connects":[],"orig_excludes":[],"orig_includes":[],"orig_matches":["*://kikibt.cc/*","*://kikibt.org/*","*://kikibt.com/*","*://kikibt.co/*","*://rarbg.to/*","*://rarbgmirror.org/*","*://rarbgmirror.com/*","*://rarbgunblock.com/*","*://www.rarbg.is/*","*://rarbgmirror.xyz/*","*://rarbg.unblocked.lol/*","*://rarbg.unblockall.org/*","*://rarbgaccess.org/*","*://rarbg2018.org/*","*://rarbgtorrents.org/*"],"orig_noframes":null,"orig_run_at":"document-idle","use_blockers":[],"use_connects":[],"use_excludes":[],"use_includes":[],"use_matches":[]},"run_at":null},"settings":{"enabled":false,"position":47},"meta":{"name":"BT搜索结果过滤屏蔽","uuid":"061736fb-2e64-4dc0-822d-76faadca72b3","modified":1537439991576}}