{"options":{"awareOfChrome":false,"check_for_updates":true,"comment":null,"compat_arrayleft":false,"compat_foreach":false,"compat_forvarin":false,"compat_metadata":false,"compat_uW_gmonkey":false,"compat_wrappedjsobject":false,"compatopts_for_requires":true,"noframes":null,"override":{"merge_connects":true,"merge_excludes":true,"merge_includes":true,"merge_matches":true,"orig_connects":[],"orig_excludes":[],"orig_includes":[],"orig_matches":["https://pyx-2.pretendyoure.xyz/zy/game.jsp"],"orig_noframes":null,"orig_run_at":"document-idle","use_blockers":[],"use_connects":[],"use_excludes":[],"use_includes":[],"use_matches":[]},"run_at":null},"settings":{"enabled":true,"position":87},"meta":{"name":"Cards Against Humanity Chat Spam","uuid":"dcb66d74-c8e9-43a8-89e5-a2a81df8270a","modified":1540484565235,"file_url":"https://greasyfork.org/scripts/22733-cards-against-humanity-chat-spam/code/Cards%20Against%20Humanity%20Chat%20Spam.user.js"}}