{"options":{"awareOfChrome":false,"check_for_updates":true,"comment":null,"compat_arrayleft":false,"compat_foreach":false,"compat_forvarin":false,"compat_metadata":false,"compat_uW_gmonkey":false,"compat_wrappedjsobject":false,"compatopts_for_requires":true,"noframes":null,"override":{"merge_connects":true,"merge_excludes":true,"merge_includes":true,"merge_matches":true,"orig_connects":[],"orig_excludes":[],"orig_includes":[],"orig_matches":["http://weibo.com/*","http://www.weibo.com/*","http://d.weibo.com/*","http://s.weibo.com/*"],"orig_noframes":null,"orig_run_at":"document-idle","use_blockers":[],"use_connects":[],"use_excludes":[],"use_includes":[],"use_matches":[]},"run_at":null},"settings":{"enabled":true,"position":181},"meta":{"name":"Cleaner Weibo","uuid":"bfe3e5e8-26c3-4860-962c-cf2189f9758a","modified":1542868766263,"file_url":"https://greasyfork.org/scripts/21015-%E5%8E%BB%E7%9A%AE%E5%BE%AE%E5%8D%9A/code/%E5%8E%BB%E7%9A%AE%E5%BE%AE%E5%8D%9A.user.js"}}