{"options":{"awareOfChrome":false,"check_for_updates":true,"comment":null,"compat_arrayleft":false,"compat_foreach":false,"compat_forvarin":false,"compat_metadata":false,"compat_uW_gmonkey":false,"compat_wrappedjsobject":false,"compatopts_for_requires":true,"noframes":null,"override":{"merge_connects":true,"merge_excludes":true,"merge_includes":true,"merge_matches":true,"orig_connects":[],"orig_excludes":[],"orig_includes":[],"orig_matches":["https://blog.csdn.net/*","https://stackoverflow.com/questions/*","https://www.cnblogs.com/*","http://www.jb51.net/article/*"],"orig_noframes":null,"orig_run_at":"document-idle","use_blockers":[],"use_connects":[],"use_excludes":[],"use_includes":[],"use_matches":[]},"run_at":null},"settings":{"enabled":false,"position":39},"meta":{"name":"Clean Reading","uuid":"df8f5c36-ec83-457d-96c3-1c507c6c9165","modified":1536594822924,"file_url":"https://greasyfork.org/scripts/40705-clean-reading/code/Clean%20Reading.user.js"}}