{"options":{"awareOfChrome":false,"check_for_updates":true,"comment":null,"compat_arrayleft":false,"compat_foreach":false,"compat_forvarin":false,"compat_metadata":false,"compat_uW_gmonkey":false,"compat_wrappedjsobject":false,"compatopts_for_requires":true,"noframes":null,"override":{"merge_connects":true,"merge_excludes":true,"merge_includes":true,"merge_matches":true,"orig_connects":[],"orig_excludes":[],"orig_includes":[],"orig_matches":["*://blog.csdn.net/*","*://bbs.csdn.net/topics/*"],"orig_noframes":null,"orig_run_at":"document-idle","use_blockers":[],"use_connects":[],"use_excludes":[],"use_includes":[],"use_matches":[]},"run_at":null},"settings":{"enabled":false,"position":232},"meta":{"name":"csdn论坛&&博客极简化","uuid":"fd7562fc-32f0-4d5c-bb4b-4e7c30345d80","modified":1542912722649,"file_url":"https://greasyfork.org/scripts/372564-csdn%E8%AE%BA%E5%9D%9B-%E5%8D%9A%E5%AE%A2%E6%9E%81%E7%AE%80%E5%8C%96/code/csdn%E8%AE%BA%E5%9D%9B%E5%8D%9A%E5%AE%A2%E6%9E%81%E7%AE%80%E5%8C%96.user.js"}}