{"options":{"awareOfChrome":false,"check_for_updates":true,"comment":null,"compat_arrayleft":false,"compat_foreach":false,"compat_forvarin":false,"compat_metadata":false,"compat_uW_gmonkey":false,"compat_wrappedjsobject":false,"compatopts_for_requires":true,"noframes":null,"override":{"merge_connects":true,"merge_excludes":true,"merge_includes":true,"merge_matches":true,"orig_connects":[],"orig_excludes":[],"orig_includes":[],"orig_matches":["*://blog.csdn.net/*/article/details/*"],"orig_noframes":null,"orig_run_at":"document-idle","use_blockers":[],"use_connects":[],"use_excludes":[],"use_includes":[],"use_matches":[]},"run_at":null},"settings":{"enabled":false,"position":174},"meta":{"name":"CSDN博客专注阅读","uuid":"ff50cc8e-00c1-45f4-99b1-7a856a3506b5","modified":1542356204955,"file_url":"https://greasyfork.org/scripts/373385-csdn%E5%8D%9A%E5%AE%A2%E4%B8%93%E6%B3%A8%E9%98%85%E8%AF%BB/code/CSDN%E5%8D%9A%E5%AE%A2%E4%B8%93%E6%B3%A8%E9%98%85%E8%AF%BB.user.js"}}