{"options":{"awareOfChrome":false,"check_for_updates":true,"comment":null,"compat_arrayleft":false,"compat_foreach":false,"compat_forvarin":false,"compat_metadata":false,"compat_uW_gmonkey":false,"compat_wrappedjsobject":false,"compatopts_for_requires":true,"noframes":null,"override":{"merge_connects":true,"merge_excludes":true,"merge_includes":true,"merge_matches":true,"orig_connects":[],"orig_excludes":[],"orig_includes":[],"orig_matches":["*://*.csdn.net/*"],"orig_noframes":null,"orig_run_at":"document-idle","use_blockers":[],"use_connects":[],"use_excludes":[],"use_includes":[],"use_matches":[]},"run_at":null},"settings":{"enabled":false,"position":155},"meta":{"name":"CSDN 工具箱","uuid":"83262294-6a3b-4b2e-b052-13020b0fb211","modified":1542086621631,"file_url":"https://greasyfork.org/scripts/371858-csdn-%E5%B7%A5%E5%85%B7%E7%AE%B1/code/CSDN%20%E5%B7%A5%E5%85%B7%E7%AE%B1.user.js"}}