{"options":{"awareOfChrome":false,"check_for_updates":true,"comment":null,"compat_arrayleft":false,"compat_foreach":false,"compat_forvarin":false,"compat_metadata":false,"compat_uW_gmonkey":false,"compat_wrappedjsobject":false,"compatopts_for_requires":true,"noframes":null,"override":{"merge_connects":true,"merge_excludes":true,"merge_includes":true,"merge_matches":true,"orig_connects":[],"orig_excludes":[],"orig_includes":[],"orig_matches":["https://docs.djangoproject.com/*"],"orig_noframes":null,"orig_run_at":"document-start","use_blockers":[],"use_connects":[],"use_excludes":[],"use_includes":[],"use_matches":[]},"run_at":null},"settings":{"enabled":true,"position":117},"meta":{"name":"Django 文档中文跳转助手","uuid":"316542e9-8360-4483-a931-5bc32b19aeaf","modified":1541752519345,"file_url":"https://greasyfork.org/scripts/368447-django-%E6%96%87%E6%A1%A3%E4%B8%AD%E6%96%87%E8%B7%B3%E8%BD%AC%E5%8A%A9%E6%89%8B/code/Django%20%E6%96%87%E6%A1%A3%E4%B8%AD%E6%96%87%E8%B7%B3%E8%BD%AC%E5%8A%A9%E6%89%8B.user.js"}}