{"options":{"awareOfChrome":false,"check_for_updates":true,"comment":null,"compat_arrayleft":false,"compat_foreach":false,"compat_forvarin":false,"compat_metadata":false,"compat_uW_gmonkey":false,"compat_wrappedjsobject":false,"compatopts_for_requires":true,"noframes":null,"override":{"merge_connects":true,"merge_excludes":true,"merge_includes":true,"merge_matches":true,"orig_connects":[],"orig_excludes":[],"orig_includes":[],"orig_matches":["https://www.douban.com/people/*/","https://movie.douban.com/subject/*/","https://movie.douban.com/subject/*/discussion/*","https://movie.douban.com/review/*"],"orig_noframes":null,"orig_run_at":"document-idle","use_blockers":[],"use_connects":[],"use_excludes":[],"use_includes":[],"use_matches":[]},"run_at":null},"settings":{"enabled":true,"position":226},"meta":{"name":"douban blocker","uuid":"a5a8269f-f121-46ff-8885-667dc9f3c476","modified":1542912193931,"file_url":"https://greasyfork.org/scripts/31058-%E8%B1%86%E7%93%A3%E5%B1%8F%E8%94%BD%E5%99%A8/code/%E8%B1%86%E7%93%A3%E5%B1%8F%E8%94%BD%E5%99%A8.user.js"}}