{"options":{"awareOfChrome":false,"check_for_updates":true,"comment":null,"compat_arrayleft":false,"compat_foreach":false,"compat_forvarin":false,"compat_metadata":false,"compat_uW_gmonkey":false,"compat_wrappedjsobject":false,"compatopts_for_requires":true,"noframes":null,"override":{"merge_connects":true,"merge_excludes":true,"merge_includes":true,"merge_matches":true,"orig_connects":[],"orig_excludes":["*://duckduckgo.com/post2.html"],"orig_includes":[],"orig_matches":["*://duckduckgo.com/*","http://mycroftproject.com/*"],"orig_noframes":null,"orig_run_at":"document-idle","use_blockers":[],"use_connects":[],"use_excludes":[],"use_includes":[],"use_matches":[]},"run_at":null},"settings":{"enabled":true,"position":145},"meta":{"name":"DuckDuckGo Extended","uuid":"1089b048-1487-401a-b0ab-c8fe79f842d2","modified":1542020100296,"file_url":"https://openuserjs.org/install/tumpio/DuckDuckGo_Extended.user.js"}}