{"options":{"awareOfChrome":false,"check_for_updates":true,"comment":null,"compat_arrayleft":false,"compat_foreach":false,"compat_forvarin":false,"compat_metadata":false,"compat_uW_gmonkey":false,"compat_wrappedjsobject":false,"compatopts_for_requires":true,"noframes":null,"override":{"merge_connects":true,"merge_excludes":true,"merge_includes":true,"merge_matches":true,"orig_connects":[],"orig_excludes":[],"orig_includes":[],"orig_matches":["*://www.douban.com/*","*://www.douban.com/people/*"],"orig_noframes":null,"orig_run_at":"document-idle","use_blockers":[],"use_connects":[],"use_excludes":[],"use_includes":[],"use_matches":[]},"run_at":null},"settings":{"enabled":false,"position":196},"meta":{"name":"Followed Douban User Status Blocker","uuid":"db86102a-23f1-48b4-8ca1-183526da9b3c","modified":1542876549947,"file_url":"https://greasyfork.org/scripts/37328-followed-douban-user-status-blocker/code/Followed%20Douban%20User%20Status%20Blocker.user.js"}}