{"options":{"awareOfChrome":false,"check_for_updates":true,"comment":null,"compat_arrayleft":false,"compat_foreach":false,"compat_forvarin":false,"compat_metadata":false,"compat_uW_gmonkey":false,"compat_wrappedjsobject":false,"compatopts_for_requires":true,"noframes":null,"override":{"merge_connects":true,"merge_excludes":true,"merge_includes":true,"merge_matches":true,"orig_connects":[],"orig_excludes":[],"orig_includes":["https://www.google.*/search*","https://www.google.*.*/search*"],"orig_matches":[],"orig_noframes":null,"orig_run_at":"document-idle","use_blockers":[],"use_connects":[],"use_excludes":[],"use_includes":[],"use_matches":[]},"run_at":null},"settings":{"enabled":false,"position":159},"meta":{"name":"Google 搜索结果屏蔽","uuid":"4b43aa45-b9a5-4d27-a70b-d9edfb207580","modified":1542087380823,"file_url":"https://greasyfork.org/scripts/23736-google-%E6%90%9C%E7%B4%A2%E7%BB%93%E6%9E%9C%E5%B1%8F%E8%94%BD/code/Google%20%E6%90%9C%E7%B4%A2%E7%BB%93%E6%9E%9C%E5%B1%8F%E8%94%BD.user.js"}}