{"options":{"awareOfChrome":false,"check_for_updates":true,"comment":null,"compat_arrayleft":false,"compat_foreach":false,"compat_forvarin":false,"compat_metadata":false,"compat_uW_gmonkey":false,"compat_wrappedjsobject":false,"compatopts_for_requires":true,"noframes":null,"override":{"merge_connects":true,"merge_excludes":true,"merge_includes":true,"merge_matches":true,"orig_connects":[],"orig_excludes":["/^https:\\/\\/(greasy|sleazy)fork\\.org\\/(.*\\/)((scripts\\/\\d+)|forum\\/(discussion\\/|profile|messages)).*$/"],"orig_includes":["/^https:\\/\\/(greasy|sleazy)fork\\.org\\/(.*\\/)?(scripts|forum|users).*$/"],"orig_matches":[],"orig_noframes":null,"orig_run_at":"document-idle","use_blockers":[],"use_connects":[],"use_excludes":[],"use_includes":[],"use_matches":[]},"run_at":null},"settings":{"enabled":false,"position":189},"meta":{"name":"GreasyFork Bullshit Filter","uuid":"030b4887-6116-4b37-9357-1a26c638472c","modified":1542873646641,"file_url":"https://greasyfork.org/scripts/12179-greasyfork-bull-filter/code/GreasyFork%20Bullshit%20Filter.user.js"}}