{"options":{"awareOfChrome":false,"check_for_updates":true,"comment":null,"compat_arrayleft":false,"compat_foreach":false,"compat_forvarin":false,"compat_metadata":false,"compat_uW_gmonkey":false,"compat_wrappedjsobject":false,"compatopts_for_requires":true,"noframes":null,"override":{"merge_connects":true,"merge_excludes":true,"merge_includes":true,"merge_matches":true,"orig_connects":[],"orig_excludes":["/^https:\\/\\/(greasy|sleazy)fork\\.org\\/(.*\\/)((scripts\\/\\d+)|forum\\/(discussion\\/|profile|messages)).*$/"],"orig_includes":["/^https:\\/\\/(greasy|sleazy)fork\\.org\\/(.*\\/)?(scripts|forum|users).*$/"],"orig_matches":[],"orig_noframes":null,"orig_run_at":"document-idle","use_blockers":[],"use_connects":[],"use_excludes":[],"use_includes":[],"use_matches":[]},"run_at":null},"settings":{"enabled":false,"position":187},"meta":{"name":"GreasyFork Bullshit Filter - for TS Citrus Gfork","uuid":"a97aa5ad-88d4-4394-a76a-8064ba196d8e","modified":1542873609290,"file_url":"https://greasyfork.org/scripts/13514-greasyfork-bull-filter-for-ts-citrus-gfork/code/GreasyFork%20Bullshit%20Filter%20-%20for%20TS%20Citrus%20Gfork.user.js"}}