{"options":{"awareOfChrome":false,"check_for_updates":true,"comment":null,"compat_arrayleft":false,"compat_foreach":false,"compat_forvarin":false,"compat_metadata":false,"compat_uW_gmonkey":false,"compat_wrappedjsobject":false,"compatopts_for_requires":true,"noframes":null,"override":{"merge_connects":true,"merge_excludes":true,"merge_includes":true,"merge_matches":true,"orig_connects":[],"orig_excludes":[],"orig_includes":["http://*heroeswm.ru/forum*","http://178.248.235.15/forum*","http://209.200.152.144/forum*","http://*lordswm.com/forum*"],"orig_matches":[],"orig_noframes":null,"orig_run_at":"document-idle","use_blockers":[],"use_connects":[],"use_excludes":[],"use_includes":[],"use_matches":[]},"run_at":null},"settings":{"enabled":true,"position":96},"meta":{"name":"hwm_forum_spam_filter","uuid":"6344c75b-4fc0-4f24-b77e-435d6f9de400","modified":1540484656454,"file_url":"https://greasyfork.org/scripts/1218-hwm-forum-spam-filter/code/hwm_forum_spam_filter.user.js"}}