{"options":{"awareOfChrome":false,"check_for_updates":true,"comment":null,"compat_arrayleft":false,"compat_foreach":false,"compat_forvarin":false,"compat_metadata":false,"compat_uW_gmonkey":false,"compat_wrappedjsobject":false,"compatopts_for_requires":true,"noframes":null,"override":{"merge_connects":true,"merge_excludes":true,"merge_includes":true,"merge_matches":true,"orig_connects":[],"orig_excludes":["http*://tieba.baidu.com/","http*://tieba.baidu.com/index.html"],"orig_includes":["http*://tieba.baidu.com/*"],"orig_matches":[],"orig_noframes":null,"orig_run_at":"document-body","use_blockers":[],"use_connects":[],"use_excludes":[],"use_includes":[],"use_matches":[]},"run_at":null},"settings":{"enabled":true,"position":236},"meta":{"name":"Kill TieBa AD","uuid":"9890a31c-9b14-4034-b889-19942dbc2414","modified":1542912996061,"file_url":"https://greasyfork.org/scripts/24171-kill-tieba-ad/code/Kill%20TieBa%20AD.user.js"}}