{"options":{"awareOfChrome":false,"check_for_updates":true,"comment":null,"compat_arrayleft":false,"compat_foreach":false,"compat_forvarin":false,"compat_metadata":false,"compat_uW_gmonkey":false,"compat_wrappedjsobject":false,"compatopts_for_requires":true,"noframes":null,"override":{"merge_connects":true,"merge_excludes":true,"merge_includes":true,"merge_matches":true,"orig_connects":[],"orig_excludes":[],"orig_includes":["http*://www.merchantwords.com/search/*"],"orig_matches":[],"orig_noframes":null,"orig_run_at":"document-idle","use_blockers":[],"use_connects":[],"use_excludes":[],"use_includes":[],"use_matches":[]},"run_at":null},"settings":{"enabled":false,"position":142},"meta":{"name":"MerchantWords Copy Keywords to Clipboard in Bulk","uuid":"0309d5c9-8b52-465d-b42c-762a4b7d5948","modified":1541951818253,"file_url":"https://greasyfork.org/scripts/34887-merchantwords-copy-keywords-to-clipboard-in-bulk/code/MerchantWords%20Copy%20Keywords%20to%20Clipboard%20in%20Bulk.user.js"}}