{"options":{"awareOfChrome":false,"check_for_updates":true,"comment":null,"compat_arrayleft":false,"compat_foreach":false,"compat_forvarin":false,"compat_metadata":false,"compat_uW_gmonkey":false,"compat_wrappedjsobject":false,"compatopts_for_requires":true,"noframes":null,"override":{"merge_connects":true,"merge_excludes":true,"merge_includes":true,"merge_matches":true,"orig_connects":[],"orig_excludes":[],"orig_includes":[],"orig_matches":["https://www.zhihu.com/question/*"],"orig_noframes":null,"orig_run_at":"document-idle","use_blockers":[],"use_connects":[],"use_excludes":[],"use_includes":[],"use_matches":[]},"run_at":null},"settings":{"enabled":false,"position":225},"meta":{"name":"Mobile zhihu.com restriction remover","uuid":"31e40289-b82d-418c-b656-1c531c082bdc","modified":1542911527641,"file_url":"https://greasyfork.org/scripts/38781-mobile-zhihu-com-restriction-remover/code/Mobile%20zhihucom%20restriction%20remover.user.js"}}