{"data":{"cfg":"o{\"Gesture\":{\"mouseButton\":2,\"suppressionKey\":\"\",\"distanceThreshold\":10,\"distanceSensitivity\":10,\"Timeout\":{\"active\":false,\"duration\":1}},\"Hinter\":{\"background\":\"ff0\",\"fontSize\":40,\"lineColor\":\"0074d990\",\"minLineWidth\":1,\"maxLineWidth\":10,\"lineGrowth\":0.6,\"funNotDefine\":\"  (◔ ‸◔)？\"},\"Drag\":{\"linktextAslink\":true,\"dragInTextarea\":true},\"directions\":4,\"language\":\"zh\",\"gesture\":{\"2\":{\"name\":\"toTop\",\"arg\":[]},\"4\":{\"name\":\"back\",\"arg\":[]},\"6\":{\"name\":\"forward\",\"arg\":[]},\"8\":{\"name\":\"toBottom\",\"arg\":[]},\"42\":{\"name\":\"reopenTab\",\"arg\":[]},\"64\":{\"name\":\"setting\",\"arg\":[]},\"86\":{\"name\":\"close\",\"arg\":[]}},\"text\":{\"4\":{\"name\":\"searchText\",\"arg\":[\"https://www.baidu.com/s?wd=\",\"false\",\"false\"],\"alias\":\"baidu搜索选中文本\"},\"6\":{\"name\":\"searchText\",\"arg\":[\"https://www.google.com/search?q=\",\"true\",\"false\"],\"alias\":\"google搜索选中文本\"},\"8\":{\"name\":\"copyText\",\"arg\":[],\"alias\":\"复制选中文本\"}},\"link\":{\"6\":{\"name\":\"openLink\",\"arg\":[]},\"8\":{\"name\":\"copyLink\",\"arg\":[]}},\"image\":{\"2\":{\"name\":\"copyImgURL\",\"arg\":[]},\"3\":{\"name\":\"selectImg\",\"arg\":[]},\"4\":{\"name\":\"selectImg\",\"arg\":[]},\"6\":{\"name\":\"searchImg\",\"arg\":[\"https://image.baidu.com/n/pc_search?queryImageUrl=U-R-L&uptype=urlsearch\",true,true]},\"8\":{\"name\":\"saveImg\",\"arg\":[]}}}","closeAll":"sMon Sep 24 2018 17:00:10 GMT+0800 (中国标准时间)","latestTab":"shttps://wenku.baidu.com/view/85b2ffc2aa00b52acfc7ca86.html"},"ts":1544251220935}