{"options":{"awareOfChrome":false,"check_for_updates":true,"comment":null,"compat_arrayleft":false,"compat_foreach":false,"compat_forvarin":false,"compat_metadata":false,"compat_uW_gmonkey":false,"compat_wrappedjsobject":false,"compatopts_for_requires":true,"noframes":null,"override":{"merge_connects":true,"merge_excludes":true,"merge_includes":true,"merge_matches":true,"orig_connects":[],"orig_excludes":[],"orig_includes":[],"orig_matches":["http://www.diamondhunt.co/game.php"],"orig_noframes":null,"orig_run_at":"document-idle","use_blockers":[],"use_connects":[],"use_excludes":[],"use_includes":[],"use_matches":[]},"run_at":null},"settings":{"enabled":true,"position":90},"meta":{"name":"Mute accounts under level 5","uuid":"dd9951f7-1277-4a9b-a89f-70a9e49c2b82","modified":1540484589281,"file_url":"https://greasyfork.org/scripts/27679-mute-accounts-under-level-5/code/Mute%20accounts%20under%20level%205.user.js"}}