{"options":{"awareOfChrome":false,"check_for_updates":true,"comment":null,"compat_arrayleft":false,"compat_foreach":false,"compat_forvarin":false,"compat_metadata":false,"compat_uW_gmonkey":false,"compat_wrappedjsobject":false,"compatopts_for_requires":true,"noframes":null,"override":{"merge_connects":true,"merge_excludes":true,"merge_includes":true,"merge_matches":true,"orig_connects":[],"orig_excludes":[],"orig_includes":["/^https:\\/\\/openuserjs\\.org\\/((\\?(q|p|orderBy|library)=|group\\/|users\\/.*\\/scripts).*)?$/"],"orig_matches":[],"orig_noframes":null,"orig_run_at":"document-idle","use_blockers":[],"use_connects":[],"use_excludes":[],"use_includes":[],"use_matches":[]},"run_at":null},"settings":{"enabled":false,"position":94},"meta":{"name":"OpenUserJS Bullshit Filter","uuid":"47249f8b-1c86-4706-8240-f4cb0e7afb33","modified":1540484628175,"file_url":"https://greasyfork.org/scripts/12349-openuserjs-bull-filter/code/OpenUserJS%20Bullshit%20Filter.user.js"}}