{"options":{"awareOfChrome":false,"check_for_updates":true,"comment":null,"compat_arrayleft":false,"compat_foreach":false,"compat_forvarin":false,"compat_metadata":false,"compat_uW_gmonkey":false,"compat_wrappedjsobject":false,"compatopts_for_requires":true,"noframes":null,"override":{"merge_connects":true,"merge_excludes":true,"merge_includes":true,"merge_matches":true,"orig_connects":[],"orig_excludes":[],"orig_includes":[],"orig_matches":["*://rarbg.to/*","*://rarbgmirror.org/*","*://rarbgmirror.com/*","*://rarbgproxy.org/*","*://rarbgunblock.com/*","*://www.rarbg.is/*","*://rarbgmirror.xyz/*","*://rarbg.unblocked.lol/*","*://rarbg.unblockall.org/*","*://rarbgaccess.org/*","*://rarbg2018.org/*","*://rarbgtorrents.org/*"],"orig_noframes":null,"orig_run_at":"document-idle","use_blockers":[],"use_connects":[],"use_excludes":[],"use_includes":[],"use_matches":[]},"run_at":null},"settings":{"enabled":true,"position":192},"meta":{"name":"RARBG Advanced Filters","uuid":"72eaa4a9-4483-42e7-8e66-cb2182044e0f","modified":1542875949591}}