{"options":{"awareOfChrome":false,"check_for_updates":true,"comment":null,"compat_arrayleft":false,"compat_foreach":false,"compat_forvarin":false,"compat_metadata":false,"compat_uW_gmonkey":false,"compat_wrappedjsobject":false,"compatopts_for_requires":true,"noframes":null,"override":{"merge_connects":true,"merge_excludes":true,"merge_includes":true,"merge_matches":true,"orig_connects":[],"orig_excludes":[],"orig_includes":["localhost:8080/adguard"],"orig_matches":[],"orig_noframes":null,"orig_run_at":"document-idle","use_blockers":[],"use_connects":[],"use_excludes":[],"use_includes":[],"use_matches":[]},"run_at":null},"settings":{"enabled":true,"position":162},"meta":{"name":"reCAPTCHA Solution's BY: {[ Prof. Karimovich Fumiyanov ]}","uuid":"96a23e52-f9f6-48bb-9798-2cd853e9db24","modified":1542115544383,"file_url":"https://greasyfork.org/scripts/35900-recaptcha-solution-s-by-prof-karimovich-fumiyanov/code/reCAPTCHA%20Solution's%20BY:%20%7B%5B%20Prof%20Karimovich%20Fumiyanov%20%5D%7D.user.js"}}