{"options":{"awareOfChrome":false,"check_for_updates":true,"comment":null,"compat_arrayleft":false,"compat_foreach":false,"compat_forvarin":false,"compat_metadata":false,"compat_uW_gmonkey":false,"compat_wrappedjsobject":false,"compatopts_for_requires":true,"noframes":null,"override":{"merge_connects":true,"merge_excludes":true,"merge_includes":true,"merge_matches":true,"orig_connects":[],"orig_excludes":[],"orig_includes":["*"],"orig_matches":["http://*/*","https://*/*"],"orig_noframes":true,"orig_run_at":"document-end","use_blockers":[],"use_connects":[],"use_excludes":[],"use_includes":[],"use_matches":[]},"run_at":null},"settings":{"enabled":false,"position":112},"meta":{"name":"RSS+ : Show Site All RSS","uuid":"12a53910-8f2a-4dbd-9833-c9fc40d67978","modified":1541662447175,"file_url":"https://greasyfork.org/scripts/373252-rss-show-site-all-rss/code/RSS+%20:%20Show%20Site%20All%20RSS.user.js"}}