{"options":{"awareOfChrome":false,"check_for_updates":true,"comment":null,"compat_arrayleft":false,"compat_foreach":false,"compat_forvarin":false,"compat_metadata":false,"compat_uW_gmonkey":false,"compat_wrappedjsobject":false,"compatopts_for_requires":true,"noframes":null,"override":{"merge_connects":true,"merge_excludes":true,"merge_includes":true,"merge_matches":true,"orig_connects":[],"orig_excludes":[],"orig_includes":[],"orig_matches":["https://www.baidu.com/*","https://www.google.co.jp/search?*","https://www.google.com/*","https://www.google.com.hk/*"],"orig_noframes":null,"orig_run_at":"document-idle","use_blockers":[],"use_connects":[],"use_excludes":[],"use_includes":[],"use_matches":[]},"run_at":null},"settings":{"enabled":false,"position":51},"meta":{"name":"search-engine-filter","uuid":"8a0019ed-f3e8-4cde-871b-2187b66b50ed","modified":1537939591521,"file_url":"https://greasyfork.org/scripts/25788-search-engine-filter/code/search-engine-filter.user.js"}}