{"options":{"awareOfChrome":false,"check_for_updates":true,"comment":null,"compat_arrayleft":false,"compat_foreach":false,"compat_forvarin":false,"compat_metadata":false,"compat_uW_gmonkey":false,"compat_wrappedjsobject":false,"compatopts_for_requires":true,"noframes":null,"override":{"merge_connects":true,"merge_excludes":true,"merge_includes":true,"merge_matches":true,"orig_connects":[],"orig_excludes":[],"orig_includes":[],"orig_matches":["https://www.zhihu.com/question/*","https://www.zhihu.com/people/*","https://www.zhihu.com/topic/*","https://www.zhihu.com/search?*","https://www.zhihu.com"],"orig_noframes":null,"orig_run_at":"document-idle","use_blockers":[],"use_connects":[],"use_excludes":[],"use_includes":[],"use_matches":[]},"run_at":null},"settings":{"enabled":false,"position":171},"meta":{"name":"simplify zhihu","uuid":"0ab7202b-74b5-4b59-ad6a-72dae2c11819","modified":1542355541626,"file_url":"https://greasyfork.org/scripts/38774-simplify-zhihu/code/simplify%20zhihu.user.js"}}