{"options":{"awareOfChrome":false,"check_for_updates":true,"comment":null,"compat_arrayleft":false,"compat_foreach":false,"compat_forvarin":false,"compat_metadata":false,"compat_uW_gmonkey":false,"compat_wrappedjsobject":false,"compatopts_for_requires":true,"noframes":null,"override":{"merge_connects":true,"merge_excludes":true,"merge_includes":true,"merge_matches":true,"orig_connects":[],"orig_excludes":[],"orig_includes":[],"orig_matches":["https://www.dreadcast.net/Main","https://www.dreadcast.net/Forum*","https://www.dreadcast.net/FAQ*"],"orig_noframes":null,"orig_run_at":"document-idle","use_blockers":[],"use_connects":[],"use_excludes":[],"use_includes":[],"use_matches":[]},"run_at":null},"settings":{"enabled":true,"position":92},"meta":{"name":"StopMultipleMessage","uuid":"8156f89b-e39a-4a24-8363-44766002a1a8","modified":1540484601878,"file_url":"https://greasyfork.org/scripts/12550-stopmultiplemessage/code/StopMultipleMessage.user.js"}}