{"options":{"awareOfChrome":false,"check_for_updates":true,"comment":null,"compat_arrayleft":false,"compat_foreach":false,"compat_forvarin":false,"compat_metadata":false,"compat_uW_gmonkey":false,"compat_wrappedjsobject":false,"compatopts_for_requires":true,"noframes":null,"override":{"merge_connects":true,"merge_excludes":true,"merge_includes":true,"merge_matches":true,"orig_connects":[],"orig_excludes":["http://tieba.baidu.com/tb*","http://tieba.baidu.com/mo/*"],"orig_includes":["http://tieba.baidu.com/*"],"orig_matches":[],"orig_noframes":null,"orig_run_at":"document-idle","use_blockers":[],"use_connects":[],"use_excludes":[],"use_includes":[],"use_matches":[]},"run_at":null},"settings":{"enabled":true,"position":153},"meta":{"name":"tieba_hide_someone","uuid":"410399f5-b3a8-4445-a733-fda692c99941","modified":1542086294330,"file_url":"https://greasyfork.org/scripts/148-tieba-hide-someone/code/tieba_hide_someone.user.js"}}