{"options":{"awareOfChrome":false,"check_for_updates":true,"comment":null,"compat_arrayleft":false,"compat_foreach":false,"compat_forvarin":false,"compat_metadata":false,"compat_uW_gmonkey":false,"compat_wrappedjsobject":false,"compatopts_for_requires":true,"noframes":null,"override":{"merge_connects":true,"merge_excludes":true,"merge_includes":true,"merge_matches":true,"orig_connects":[],"orig_excludes":[],"orig_includes":["http*://www.jianshu.com/p/*","http*://cdn2.jianshu.io/p/*","http*://juejin.im/post/*","http*://juejin.im/entry/*","http*://sspai.com/*","http*://zhuanlan.zhihu.com/p/*","http*://mp.weixin.qq.com/s?*","http*://cnodejs.org/topic/*","http*://div.io/topic/*","http*://www.zcfy.cc/article/*"],"orig_matches":[],"orig_noframes":null,"orig_run_at":"document-idle","use_blockers":[],"use_connects":[],"use_excludes":[],"use_includes":[],"use_matches":[]},"run_at":null},"settings":{"enabled":true,"position":220},"meta":{"name":"TreeBar","uuid":"f257ef95-c271-4fd9-8b2f-8d7d53620f2d","modified":1542949168462,"file_url":"https://greasyfork.org/scripts/34479-%E7%9B%AE%E5%BD%95%E6%A0%91%E5%AF%BC%E8%88%AA/code/%E7%9B%AE%E5%BD%95%E6%A0%91%E5%AF%BC%E8%88%AA.user.js"}}