{"options":{"awareOfChrome":false,"check_for_updates":true,"comment":null,"compat_arrayleft":false,"compat_foreach":false,"compat_forvarin":false,"compat_metadata":false,"compat_uW_gmonkey":false,"compat_wrappedjsobject":false,"compatopts_for_requires":true,"noframes":null,"override":{"merge_connects":true,"merge_excludes":true,"merge_includes":true,"merge_matches":true,"orig_connects":[],"orig_excludes":[],"orig_includes":[],"orig_matches":["https://www.v2ex.com/","https://v2ex.com/","http://www.v2ex.com/","http://v2ex.com/"],"orig_noframes":null,"orig_run_at":"document-idle","use_blockers":[],"use_connects":[],"use_excludes":[],"use_includes":[],"use_matches":[]},"run_at":null},"settings":{"enabled":true,"position":126},"meta":{"name":"v2ex帖子标题过滤器","uuid":"0f5554e4-ee6e-4afa-b0b6-b3ab03924993","modified":1541768209521,"file_url":"https://greasyfork.org/zh-CN/scripts/6231/code/6231.user.js"}}