{"options":{"awareOfChrome":false,"check_for_updates":true,"comment":null,"compat_arrayleft":false,"compat_foreach":false,"compat_forvarin":false,"compat_metadata":false,"compat_uW_gmonkey":false,"compat_wrappedjsobject":false,"compatopts_for_requires":true,"noframes":null,"override":{"merge_connects":true,"merge_excludes":true,"merge_includes":true,"merge_matches":true,"orig_connects":[],"orig_excludes":[],"orig_includes":["*://www.bing.com/search*","*://www.bing.com/news/search*","*://duckduckgo.com/*","*://www.google.*/search*","*://www.google.*.*/search*","*://search.yahoo.com/yhs/search*","*://*.search.yahoo.com/search*"],"orig_matches":[],"orig_noframes":null,"orig_run_at":"document-idle","use_blockers":[],"use_connects":[],"use_excludes":[],"use_includes":[],"use_matches":[]},"run_at":null},"settings":{"enabled":false,"position":38},"meta":{"name":"Web Search Result Domain Filter","uuid":"3d7ce91c-0b0c-4aba-b1cd-0f44a4ac8220","modified":1536474414745,"file_url":"https://greasyfork.org/scripts/28730-web-search-result-domain-filter/code/Web%20Search%20Result%20Domain%20Filter.user.js"}}