{"options":{"awareOfChrome":false,"check_for_updates":true,"comment":null,"compat_arrayleft":false,"compat_foreach":false,"compat_forvarin":false,"compat_metadata":false,"compat_uW_gmonkey":false,"compat_wrappedjsobject":false,"compatopts_for_requires":true,"noframes":null,"override":{"merge_connects":true,"merge_excludes":true,"merge_includes":true,"merge_matches":true,"orig_connects":[],"orig_excludes":[],"orig_includes":[],"orig_matches":["http*://www.css88.com/*"],"orig_noframes":null,"orig_run_at":"document-start","use_blockers":[],"use_connects":[],"use_excludes":[],"use_includes":[],"use_matches":[]},"run_at":null},"settings":{"enabled":true,"position":184},"meta":{"name":"WEB前端开发博客 清爽特别版","uuid":"d348d33f-321f-4124-b92d-eb2a0636400d","modified":1542872061070,"file_url":"https://greasyfork.org/scripts/370792-web%E5%89%8D%E7%AB%AF%E5%BC%80%E5%8F%91%E5%8D%9A%E5%AE%A2-%E6%B8%85%E7%88%BD%E7%89%B9%E5%88%AB%E7%89%88/code/WEB%E5%89%8D%E7%AB%AF%E5%BC%80%E5%8F%91%E5%8D%9A%E5%AE%A2%20%E6%B8%85%E7%88%BD%E7%89%B9%E5%88%AB%E7%89%88.user.js"}}