{"options":{"awareOfChrome":false,"check_for_updates":true,"comment":null,"compat_arrayleft":false,"compat_foreach":false,"compat_forvarin":false,"compat_metadata":false,"compat_uW_gmonkey":false,"compat_wrappedjsobject":false,"compatopts_for_requires":true,"noframes":null,"override":{"merge_connects":true,"merge_excludes":true,"merge_includes":true,"merge_matches":true,"orig_connects":[],"orig_excludes":[],"orig_includes":[],"orig_matches":["*://*.youtube.com/user/*/videos*","*://*.youtube.com/channel/*/videos*","*://*.youtube.com/c/*/videos*"],"orig_noframes":null,"orig_run_at":"document-idle","use_blockers":[],"use_connects":[],"use_excludes":[],"use_includes":[],"use_matches":[]},"run_at":null},"settings":{"enabled":true,"position":50},"meta":{"name":"YouTube, Filter Videos List","uuid":"6eae1b49-05df-4545-a065-ca07e693d3fa","modified":1537195492491,"file_url":"https://greasyfork.org/scripts/369364-youtube-filter-videos-list/code/YouTube,%20Filter%20Videos%20List.user.js"}}