{"options":{"awareOfChrome":false,"check_for_updates":true,"comment":null,"compat_arrayleft":false,"compat_foreach":false,"compat_forvarin":false,"compat_metadata":false,"compat_uW_gmonkey":false,"compat_wrappedjsobject":false,"compatopts_for_requires":true,"noframes":null,"override":{"merge_connects":true,"merge_excludes":true,"merge_includes":true,"merge_matches":true,"orig_connects":[],"orig_excludes":[],"orig_includes":[],"orig_matches":["*://*.csdn.net/*","*://*.iteye.com/*"],"orig_noframes":null,"orig_run_at":"document-idle","use_blockers":[],"use_connects":[],"use_excludes":[],"use_includes":[],"use_matches":[]},"run_at":null},"settings":{"enabled":false,"position":207},"meta":{"name":"【极致去广告|自动全文|自动加载】去掉csdn广告，去掉iteye广告","uuid":"e40e294c-aeb2-4c4f-b99f-d7620f53cbee","modified":1542910159943,"file_url":"https://greasyfork.org/scripts/370692-%E6%9E%81%E8%87%B4%E5%8E%BB%E5%B9%BF%E5%91%8A-%E8%87%AA%E5%8A%A8%E5%85%A8%E6%96%87-%E8%87%AA%E5%8A%A8%E5%8A%A0%E8%BD%BD-%E5%8E%BB%E6%8E%89csdn%E5%B9%BF%E5%91%8A-%E5%8E%BB%E6%8E%89iteye%E5%B9%BF%E5%91%8A/code/%E3%80%90%E6%9E%81%E8%87%B4%E5%8E%BB%E5%B9%BF%E5%91%8A%7C%E8%87%AA%E5%8A%A8%E5%85%A8%E6%96%87%7C%E8%87%AA%E5%8A%A8%E5%8A%A0%E8%BD%BD%E3%80%91%E5%8E%BB%E6%8E%89csdn%E5%B9%BF%E5%91%8A%EF%BC%8C%E5%8E%BB%E6%8E%89iteye%E5%B9%BF%E5%91%8A.user.js"}}