{"options":{"awareOfChrome":false,"check_for_updates":true,"comment":null,"compat_arrayleft":false,"compat_foreach":false,"compat_forvarin":false,"compat_metadata":false,"compat_uW_gmonkey":false,"compat_wrappedjsobject":false,"compatopts_for_requires":true,"noframes":null,"override":{"merge_connects":true,"merge_excludes":true,"merge_includes":true,"merge_matches":true,"orig_connects":[],"orig_excludes":[],"orig_includes":["/^https?\\:\\/\\/encrypted.google.[^\\/]+/","/^https?\\:\\/\\/www.google.[^\\/]+/"],"orig_matches":[],"orig_noframes":null,"orig_run_at":"document-idle","use_blockers":[],"use_connects":[],"use_excludes":[],"use_includes":[],"use_matches":[]},"run_at":null},"settings":{"enabled":false,"position":99},"meta":{"name":"从Google搜索结果中删除特定垃圾网站","uuid":"602117b8-30ae-4ef4-b903-5dad0026dd65","modified":1540741497801,"file_url":"https://greasyfork.org/scripts/29152-%E4%BB%8Egoogle%E6%90%9C%E7%B4%A2%E7%BB%93%E6%9E%9C%E4%B8%AD%E5%88%A0%E9%99%A4-%E5%8D%A1%E9%A5%AD%E6%95%99%E7%A8%8B-%E7%AD%89%E5%9E%83%E5%9C%BE%E7%BB%93%E6%9E%9C/code/%E4%BB%8EGoogle%E6%90%9C%E7%B4%A2%E7%BB%93%E6%9E%9C%E4%B8%AD%E5%88%A0%E9%99%A4'%E5%8D%A1%E9%A5%AD%E6%95%99%E7%A8%8B'%E7%AD%89%E5%9E%83%E5%9C%BE%E7%BB%93%E6%9E%9C.user.js"}}