{"options":{"awareOfChrome":false,"check_for_updates":false,"comment":null,"compat_arrayleft":false,"compat_foreach":false,"compat_forvarin":false,"compat_metadata":false,"compat_uW_gmonkey":false,"compat_wrappedjsobject":false,"compatopts_for_requires":true,"noframes":null,"override":{"merge_connects":true,"merge_excludes":true,"merge_includes":true,"merge_matches":true,"orig_connects":[],"orig_excludes":[],"orig_includes":["https://book.douban.com/*","https://www.jiumodiary.com/*"],"orig_matches":[],"orig_noframes":null,"orig_run_at":"document-idle","use_blockers":[],"use_connects":[],"use_excludes":[],"use_includes":[],"use_matches":[]},"run_at":null},"settings":{"enabled":true,"position":122},"meta":{"name":"图书与资料查找-自定义修改，基于“图书查找”脚本制作","uuid":"af9b52c0-06e3-4bd4-b977-606a467fd740","modified":1542869465066,"file_url":"https://greasyfork.org/scripts/372592-%E5%9B%BE%E4%B9%A6%E4%B8%8E%E8%B5%84%E6%96%99%E6%9F%A5%E6%89%BE-%E5%9F%BA%E4%BA%8E-%E5%9B%BE%E4%B9%A6%E6%9F%A5%E6%89%BE-%E8%84%9A%E6%9C%AC%E5%88%B6%E4%BD%9C/code/%E5%9B%BE%E4%B9%A6%E4%B8%8E%E8%B5%84%E6%96%99%E6%9F%A5%E6%89%BE-%E5%9F%BA%E4%BA%8E%E2%80%9C%E5%9B%BE%E4%B9%A6%E6%9F%A5%E6%89%BE%E2%80%9D%E8%84%9A%E6%9C%AC%E5%88%B6%E4%BD%9C.user.js"}}