{"options":{"awareOfChrome":false,"check_for_updates":true,"comment":null,"compat_arrayleft":false,"compat_foreach":false,"compat_forvarin":false,"compat_metadata":false,"compat_uW_gmonkey":false,"compat_wrappedjsobject":false,"compatopts_for_requires":true,"noframes":null,"override":{"merge_connects":true,"merge_excludes":true,"merge_includes":true,"merge_matches":true,"orig_connects":[],"orig_excludes":["http://localhost*","https://note.youdao.com/*","http*://*google*","http*://*baidu*","http*://*search*","*youdao*","*note.*","*yinxiang*.*","http://192.*","*://*.duokan.*","*://*.boots*.*","*://*.*learn*.*","*://*.*wiz.*","*://*.*yinxiang*.*","*://*.*evernote*.*","*://*.*ximalaya*.*","*://*.lrts.com*","*://*.*mooc*.*","*://*.*school*.*","*://*.*book*.*","*://*.*git*.*","*://*git*.*","*://*.*vue.*","*://doc.*.*","*://help.*.*","*://*.*cloud*.*","*://*.*code*.*","*://*code*.*","*://*csdn*","*://*blog*","*://*.edu*","*://*.*.edu*","*://*.tech*","*://*.*tech*.*","*://*.laravel*.*","*://*.yinxiang*.*","*://*.douban.*","*://*.*tool*.*","*://*.*doc*.*","*://*.work*","*://*.segmentfault.com*","*://*stackoverflow*.*","*://open.163.com*","*://study.163.com*","*://*.v2ex.*"],"orig_includes":["*news.*","http*://*news*","http*://*.*news*.*","http*://*media*","http*://*.cc","http*://tieba*","http*://*sohu*","http*://*sina*","http*://*.bt*","http*://bt*","https://www.bt*.*","http*://*.bt*.*","http*://*cili*","http*://tv*","http*://*.tv*","http*://*p2p*","http*://*torrent*","http*://www.163.com*","http*://*toutiao*","http*://*ifeng.com*","http*://*yahoo*","http*://*qihoo*","http*://*yule*","http*://*mop*","http*://game*","http*://*beauty*","http*://*religion*","http*://*sex*","http*://*zuoai*","http*://*qinse*","http*://*drug*","http*://*gamble*"],"orig_matches":[],"orig_noframes":null,"orig_run_at":"document-idle","use_blockers":[],"use_connects":[],"use_excludes":[],"use_includes":[],"use_matches":[]},"run_at":null},"settings":{"enabled":true,"position":31},"meta":{"name":"智能无图","uuid":"0d9e8b8b-7537-4596-9b17-d19e8a9a8c41","modified":1544201034192,"file_url":"https://greasyfork.org/scripts/39228-%E6%99%BA%E8%83%BD%E6%97%A0%E5%9B%BE/code/%E6%99%BA%E8%83%BD%E6%97%A0%E5%9B%BE.user.js"}}