{"options":{"awareOfChrome":false,"check_for_updates":true,"comment":null,"compat_arrayleft":false,"compat_foreach":false,"compat_forvarin":false,"compat_metadata":false,"compat_uW_gmonkey":false,"compat_wrappedjsobject":false,"compatopts_for_requires":true,"noframes":null,"override":{"merge_connects":true,"merge_excludes":true,"merge_includes":true,"merge_matches":true,"orig_connects":[],"orig_excludes":[],"orig_includes":["*://www.yousuu.com/comments*"],"orig_matches":["*://www.yousuu.com/comments*"],"orig_noframes":null,"orig_run_at":"document-idle","use_blockers":[],"use_connects":[],"use_excludes":[],"use_includes":[],"use_matches":[]},"run_at":null},"settings":{"enabled":true,"position":101},"meta":{"name":"优书网刷屏用户屏蔽脚本","uuid":"dbe8d92f-dc11-496b-8eeb-9dce19130823","modified":1540484917531,"file_url":"https://greasyfork.org/scripts/30799-%E4%BC%98%E4%B9%A6%E7%BD%91%E5%88%B7%E5%B1%8F%E7%94%A8%E6%88%B7%E5%B1%8F%E8%94%BD%E8%84%9A%E6%9C%AC/code/%E4%BC%98%E4%B9%A6%E7%BD%91%E5%88%B7%E5%B1%8F%E7%94%A8%E6%88%B7%E5%B1%8F%E8%94%BD%E8%84%9A%E6%9C%AC.user.js"}}