{"options":{"awareOfChrome":false,"check_for_updates":true,"comment":null,"compat_arrayleft":false,"compat_foreach":false,"compat_forvarin":false,"compat_metadata":false,"compat_uW_gmonkey":false,"compat_wrappedjsobject":false,"compatopts_for_requires":true,"noframes":null,"override":{"merge_connects":true,"merge_excludes":true,"merge_includes":true,"merge_matches":true,"orig_connects":[],"orig_excludes":[],"orig_includes":[],"orig_matches":["*://club.autohome.com.cn/bbs/*"],"orig_noframes":null,"orig_run_at":"document-idle","use_blockers":[],"use_connects":[],"use_excludes":[],"use_includes":[],"use_matches":[]},"run_at":null},"settings":{"enabled":true,"position":178},"meta":{"name":"净化汽车之家论坛","uuid":"a43b6a4e-7d09-493c-b52e-3ceaedfafff5","modified":1542357712832,"file_url":"https://greasyfork.org/scripts/35662-%E5%87%80%E5%8C%96%E6%B1%BD%E8%BD%A6%E4%B9%8B%E5%AE%B6%E8%AE%BA%E5%9D%9B/code/%E5%87%80%E5%8C%96%E6%B1%BD%E8%BD%A6%E4%B9%8B%E5%AE%B6%E8%AE%BA%E5%9D%9B.user.js"}}