{"options":{"awareOfChrome":false,"check_for_updates":true,"comment":null,"compat_arrayleft":false,"compat_foreach":false,"compat_forvarin":false,"compat_metadata":false,"compat_uW_gmonkey":false,"compat_wrappedjsobject":false,"compatopts_for_requires":true,"noframes":null,"override":{"merge_connects":true,"merge_excludes":true,"merge_includes":true,"merge_matches":true,"orig_connects":[],"orig_excludes":[],"orig_includes":["*://login.taobao.com/*","*://passport.jd.com/*","*://pan.baidu.com/*","*://passport.suning.com/*","*://*.alipay.com/*","https://graph.qq.com/*","*://*.weiyun.com/*","*://*.cloud.tencent.com/*","*://*.huya.com/*","*://passport.58.com/*","*://*.baixing.com/*","*://*.sl56.com/*"],"orig_matches":[],"orig_noframes":null,"orig_run_at":"document-end","use_blockers":[],"use_connects":[],"use_excludes":["/(^[^:\\/#\\?]*:\\/\\/([^#\\?\\/]*\\.)?www\\.zhihu\\.com(:[0-9]{1,5})?\\/.*$)/"],"use_includes":[],"use_matches":[]},"run_at":null},"settings":{"enabled":false,"position":219},"meta":{"name":"拒绝二维码登录","uuid":"c04b8f4f-d9e8-46a5-9602-754be8c5c898","modified":1542965258302,"file_url":"https://greasyfork.org/scripts/37988-%E6%8B%92%E7%BB%9D%E4%BA%8C%E7%BB%B4%E7%A0%81%E7%99%BB%E5%BD%95/code/%E6%8B%92%E7%BB%9D%E4%BA%8C%E7%BB%B4%E7%A0%81%E7%99%BB%E5%BD%95.user.js"}}