{"options":{"awareOfChrome":false,"check_for_updates":true,"comment":null,"compat_arrayleft":false,"compat_foreach":false,"compat_forvarin":false,"compat_metadata":false,"compat_uW_gmonkey":false,"compat_wrappedjsobject":false,"compatopts_for_requires":true,"noframes":null,"override":{"merge_connects":true,"merge_excludes":true,"merge_includes":true,"merge_matches":true,"orig_connects":[],"orig_excludes":[],"orig_includes":["http://search.51job.com/*","https://search.51job.com/*"],"orig_matches":[],"orig_noframes":null,"orig_run_at":"document-idle","use_blockers":[],"use_connects":[],"use_excludes":[],"use_includes":[],"use_matches":[]},"run_at":null},"settings":{"enabled":true,"position":243},"meta":{"name":"前程无忧垃圾过滤器（培训、骗子etc）","uuid":"eda5777a-329f-464a-8295-983e2d350df1","modified":1542913721013,"file_url":"https://greasyfork.org/scripts/30154-%E5%89%8D%E7%A8%8B%E6%97%A0%E5%BF%A7%E5%9E%83%E5%9C%BE%E8%BF%87%E6%BB%A4%E5%99%A8-%E5%9F%B9%E8%AE%AD-%E9%AA%97%E5%AD%90etc/code/%E5%89%8D%E7%A8%8B%E6%97%A0%E5%BF%A7%E5%9E%83%E5%9C%BE%E8%BF%87%E6%BB%A4%E5%99%A8%EF%BC%88%E5%9F%B9%E8%AE%AD%E3%80%81%E9%AA%97%E5%AD%90etc%EF%BC%89.user.js"}}