{"options":{"awareOfChrome":false,"check_for_updates":true,"comment":null,"compat_arrayleft":false,"compat_foreach":false,"compat_forvarin":false,"compat_metadata":false,"compat_uW_gmonkey":false,"compat_wrappedjsobject":true,"compatopts_for_requires":true,"noframes":null,"override":{"merge_connects":true,"merge_excludes":true,"merge_includes":true,"merge_matches":true,"orig_connects":[],"orig_excludes":["http://bbs.tianya.cn/list*"],"orig_includes":["http://*.tianya.cn/post*"],"orig_matches":[],"orig_noframes":null,"orig_run_at":"document-idle","use_blockers":[],"use_connects":[],"use_excludes":[],"use_includes":[],"use_matches":[]},"run_at":null},"settings":{"enabled":true,"position":110},"meta":{"name":"天涯读帖UI重修版（原ch620天涯读帖）","uuid":"92315d85-c17c-4ed4-8b0c-6a031347047a","modified":1541662031974,"file_url":"https://greasyfork.org/scripts/43021-%E5%A4%A9%E6%B6%AF%E8%AF%BB%E5%B8%96ui%E9%87%8D%E4%BF%AE%E7%89%88-%E5%8E%9Fch620%E5%A4%A9%E6%B6%AF%E8%AF%BB%E5%B8%96/code/%E5%A4%A9%E6%B6%AF%E8%AF%BB%E5%B8%96UI%E9%87%8D%E4%BF%AE%E7%89%88%EF%BC%88%E5%8E%9Fch620%E5%A4%A9%E6%B6%AF%E8%AF%BB%E5%B8%96%EF%BC%89.user.js"}}