{"options":{"awareOfChrome":false,"check_for_updates":true,"comment":null,"compat_arrayleft":false,"compat_foreach":false,"compat_forvarin":false,"compat_metadata":false,"compat_uW_gmonkey":false,"compat_wrappedjsobject":false,"compatopts_for_requires":true,"noframes":null,"override":{"merge_connects":true,"merge_excludes":true,"merge_includes":true,"merge_matches":true,"orig_connects":[],"orig_excludes":[],"orig_includes":[],"orig_matches":["http://blog.csdn.net/*/article/details/*"],"orig_noframes":null,"orig_run_at":"document-end","use_blockers":[],"use_connects":[],"use_excludes":[],"use_includes":[],"use_matches":[]},"run_at":null},"settings":{"enabled":true,"position":237},"meta":{"name":"新版CSDN阅读体验提升","uuid":"f16f65b5-e7a3-4866-81c5-20896097a9c4","modified":1542913022313,"file_url":"https://greasyfork.org/scripts/33973-%E6%96%B0%E7%89%88csdn%E9%98%85%E8%AF%BB%E4%BD%93%E9%AA%8C%E6%8F%90%E5%8D%87/code/%E6%96%B0%E7%89%88CSDN%E9%98%85%E8%AF%BB%E4%BD%93%E9%AA%8C%E6%8F%90%E5%8D%87.user.js"}}