{"options":{"awareOfChrome":false,"check_for_updates":true,"comment":null,"compat_arrayleft":false,"compat_foreach":false,"compat_forvarin":false,"compat_metadata":false,"compat_uW_gmonkey":false,"compat_wrappedjsobject":false,"compatopts_for_requires":true,"noframes":null,"override":{"merge_connects":true,"merge_excludes":true,"merge_includes":true,"merge_matches":true,"orig_connects":[],"orig_excludes":[],"orig_includes":[],"orig_matches":["https://wx.qq.com/*"],"orig_noframes":null,"orig_run_at":"document-idle","use_blockers":[],"use_connects":[],"use_excludes":[],"use_includes":[],"use_matches":[]},"run_at":null},"settings":{"enabled":true,"position":173},"meta":{"name":"微信网页版实用工具","uuid":"3f5590a9-f236-4128-813c-ef9e80770f60","modified":1542355769870,"file_url":"https://greasyfork.org/scripts/373421-%E5%BE%AE%E4%BF%A1%E7%BD%91%E9%A1%B5%E7%89%88%E5%AE%9E%E7%94%A8%E5%B7%A5%E5%85%B7/code/%E5%BE%AE%E4%BF%A1%E7%BD%91%E9%A1%B5%E7%89%88%E5%AE%9E%E7%94%A8%E5%B7%A5%E5%85%B7.user.js"}}