{"options":{"awareOfChrome":false,"check_for_updates":true,"comment":null,"compat_arrayleft":false,"compat_foreach":false,"compat_forvarin":false,"compat_metadata":false,"compat_uW_gmonkey":false,"compat_wrappedjsobject":false,"compatopts_for_requires":true,"noframes":null,"override":{"merge_connects":true,"merge_excludes":true,"merge_includes":true,"merge_matches":true,"orig_connects":[],"orig_excludes":[],"orig_includes":[],"orig_matches":["http://forum.gamer.com.tw/*"],"orig_noframes":null,"orig_run_at":"document-idle","use_blockers":[],"use_connects":[],"use_excludes":[],"use_includes":[],"use_matches":[]},"run_at":null},"settings":{"enabled":true,"position":241},"meta":{"name":"巴哈姆特哈啦區文章黑名單","uuid":"b345b15a-668a-41b5-ada2-a9444c6a14ff","modified":1542913473798,"file_url":"https://greasyfork.org/scripts/4235-%E5%B7%B4%E5%93%88%E5%A7%86%E7%89%B9%E5%93%88%E5%95%A6%E5%8D%80%E6%96%87%E7%AB%A0%E9%BB%91%E5%90%8D%E5%96%AE/code/%E5%B7%B4%E5%93%88%E5%A7%86%E7%89%B9%E5%93%88%E5%95%A6%E5%8D%80%E6%96%87%E7%AB%A0%E9%BB%91%E5%90%8D%E5%96%AE.user.js"}}