{"options":{"awareOfChrome":false,"check_for_updates":true,"comment":null,"compat_arrayleft":false,"compat_foreach":false,"compat_forvarin":false,"compat_metadata":false,"compat_uW_gmonkey":false,"compat_wrappedjsobject":false,"compatopts_for_requires":true,"noframes":null,"override":{"merge_connects":true,"merge_excludes":true,"merge_includes":true,"merge_matches":true,"orig_connects":[],"orig_excludes":[],"orig_includes":[],"orig_matches":["https://www.cnblogs.com/*/p/*"],"orig_noframes":null,"orig_run_at":"document-idle","use_blockers":[],"use_connects":[],"use_excludes":[],"use_includes":[],"use_matches":[]},"run_at":null},"settings":{"enabled":false,"position":177},"meta":{"name":"博客园博客专注阅读","uuid":"463ce857-bd58-4ee4-b8aa-46c3e839dff3","modified":1542356316519,"file_url":"https://greasyfork.org/scripts/373478-%E5%8D%9A%E5%AE%A2%E5%9B%AD%E5%8D%9A%E5%AE%A2%E4%B8%93%E6%B3%A8%E9%98%85%E8%AF%BB/code/%E5%8D%9A%E5%AE%A2%E5%9B%AD%E5%8D%9A%E5%AE%A2%E4%B8%93%E6%B3%A8%E9%98%85%E8%AF%BB.user.js"}}