[{"id":"1539699216223","schema":1,"enabled":true,"fallthrough":false,"name":"Sample Rule #1 - Alert me when a group to MF is formed","trigger":"1","contexttype":"3","contextvalue":["5"],"match":"2","conditions":[{"target":"4","mode":"2","value":"wraeclast.club","casemode":"2"}],"actions":[{"type":"1","value":""},{"type":"6","value":"waterdrop.wav"}],"contextvaluetext":["https://wraeclast.club/category/group/mfing/feed"]},{"id":"1543684486308","schema":1,"enabled":true,"fallthrough":false,"name":"Sampe Rule #2: Alerts to watch bounties (trials; helm enchants, etc)","trigger":"1","contexttype":"2","contextvalue":["15"],"match":"2","conditions":[{"target":"1","mode":"2","value":"enchant","casemode":"2"},{"target":"1","mode":"2","value":"helm enchant","casemode":"2"},{"target":"1","mode":"2","value":"wtb","casemode":"2"},{"target":"1","mode":"2","value":"tirals","casemode":"2"},{"target":"1","mode":"2","value":"piercing truth","casemode":"2"},{"target":"1","mode":"2","value":"swirling fear","casemode":"2"},{"target":"1","mode":"2","value":"crippling grief","casemode":"2"},{"target":"1","mode":"2","value":"burning rage","casemode":"2"},{"target":"1","mode":"2","value":"lingering pain","casemode":"2"},{"target":"1","mode":"2","value":"stinging doubt","casemode":"2"}],"actions":[{"type":"1","value":""},{"type":"6","value":"bell.wav"}],"contextvaluetext":["Wraeclast.Club Feeds"]},{"id":"1543684798309","schema":1,"enabled":true,"fallthrough":false,"name":"Sample rule #3: Alert me when any cool mirror services are posted","trigger":"1","contexttype":"2","contextvalue":["15"],"match":"2","conditions":[{"target":"1","mode":"2","value":"mirror service","casemode":"2"},{"target":"1","mode":"2","value":"mirror fee","casemode":"2"},{"target":"1","mode":"2","value":"mirror","casemode":"2"},{"target":"1","mode":"2","value":"mirror of kilandra","casemode":"2"}],"actions":[{"type":"1","value":""},{"type":"6","value":"didong.wav"}],"contextvaluetext":["Wraeclast.Club Feeds"]}]