<?xml version="1.0" encoding="UTF-8"?>
<config date="1549721489691" transient="false">
	<site updateable="true" url="platform:/base/" enabled="true" policy="USER-EXCLUDE">
		<feature id="org.rssowl.dependencies" version="2.7.0.201902091357" url="features/org.rssowl.dependencies_2.7.0.201902091357/">
		</feature>
		<feature id="org.eclipse.e4.rcp" version="1.6.200.v20180906-1121" url="features/org.eclipse.e4.rcp_1.6.200.v20180906-1121/">
		</feature>
		<feature id="org.eclipse.emf.ecore" version="2.15.0.v20180722-1159" url="features/org.eclipse.emf.ecore_2.15.0.v20180722-1159/">
		</feature>
		<feature id="org.eclipse.rcp" version="4.9.0.v20180906-1121" url="features/org.eclipse.rcp_4.9.0.v20180906-1121/">
		</feature>
		<feature id="org.rssowl" version="2.7.0.201902091357" url="features/org.rssowl_2.7.0.201902091357/" plugin-identifier="org.rssowl.ui">
		</feature>
		<feature id="org.eclipse.emf.common" version="2.15.0.v20180723-1316" url="features/org.eclipse.emf.common_2.15.0.v20180723-1316/">
		</feature>
		<feature id="org.rssowl.dependencies.updater" version="2.6.0.201902091357" url="features/org.rssowl.dependencies.updater_2.6.0.201902091357/">
		</feature>
	</site>
</config>
