<?xml version='1.0' encoding='utf-8'?>
<!DOCTYPE hibernate-configuration PUBLIC
        "-//Hibernate/Hibernate Configuration DTD 3.0//EN"
        "http://www.hibernate.org/dtd/hibernate-configuration-3.0.dtd">
<hibernate-configuration>
    <session-factory>
        <!-- Database connection settings -->
        <property name="connection.driver_class">com.mysql.jdbc.Driver</property>
        <property name="connection.url">jdbc:mysql://localhost:3306/risk_assessment?useUnicode=true&amp;characterEncoding=utf-8
        </property>
        <!-- JDBC connection pool (use the built-in) -->
        <!--
        <property name="connection.pool_size">1</property>
         -->
        <!-- SQL dialect -->
        <property name="dialect">org.hibernate.dialect.MySQLDialect</property>
        <!-- Enable Hibernate's automatic session context management -->
        <property name="current_session_context_class">thread</property>

        <!-- Echo all executed SQL to stdout -->
        <property name="show_sql">true</property>

        <mapping class="com.example.demo.pojo.FirstLevelRiskDO"/>
        <mapping class="com.example.demo.pojo.FourthLevelRiskDO"/>
        <mapping class="com.example.demo.pojo.SecondLevelRiskDO"/>
        <mapping class="com.example.demo.pojo.ThirdLevelRiskDO"/>
        <mapping class="com.example.demo.pojo.CompanyDO"/>
        <mapping class="com.example.demo.pojo.RiskEventLibraryDO"/>
        <mapping class="com.example.demo.pojo.UserDO"/>
        <mapping class="com.example.demo.pojo.CompanyDO"/>
        <mapping class="com.example.demo.pojo.RiskEventLibraryDO"/>
        <mapping class="com.example.demo.pojo.RiskEventLibraryEntity"/>
        <mapping class="com.example.demo.pojo.RiskDefinationDO"/>
        <mapping class="com.example.demo.pojo.SecondLevelRiskDO"/>
        <mapping class="com.example.demo.pojo.FirstLevelRiskDO"/>
        <mapping class="com.example.demo.pojo.UserDO"/>
        <mapping class="com.example.demo.pojo.UserPermissionDO"/>
        <mapping class="com.example.demo.pojo.RulesRegulationsDO"/>
        <mapping class="com.example.demo.pojo.RulesRegulationsDO"/>
        <mapping class="com.example.demo.pojo.RulesRegulationsDO"/>
        <mapping class="com.example.demo.pojo.RulesRegulationsDO"/>
        <mapping class="com.example.demo.pojo.RulesRegulationsDO"/>
        <mapping class="com.example.demo.pojo.UserPermissionDO"/>
        <mapping class="com.example.demo.pojo.FirstLevelRiskDO"/>
        <mapping class="com.example.demo.pojo.FirstLevelRiskDO"/>
        <mapping class="com.example.demo.pojo.UserDO"/>
        <mapping class="com.example.demo.pojo.UserDO"/>
        <mapping class="com.example.demo.pojo.FirstLevelRiskDO"/>
        <mapping class="com.example.demo.pojo.UserDO"/>
        <!-- Drop and re-create the database schema on startup -->
        <!--
        <property name="hbm2ddl.auto">update</property>
        -->

    </session-factory>
</hibernate-configuration>