{
  "src_dir"            :   "/Users/yuistack/Documents/calibur/BK201/dist",
  "bucket"             :   "trial-static",
  "overwrite"          :   true,
  "rescan_local"       :   true,
  "skip_suffixes"      :   ".DS_Store",
  "key_prefix"         :   "",
  "log_file"           :   "/Users/yuistack/Documents/calibur/BK201/deploy/upload.log",
  "log_level"          :   "info",
  "log_stdout"         :   true,
  "file_type"          :   0,
  "host"               :   "https://trial.calibur.tv/"
}
